-- ============================================================
-- Wave Club Management System (باشگاه ویو کنگان)
-- Demo / Test Data
-- ============================================================
-- این فایل شامل داده‌های نمونه برای تست و نمایش سیستم است.
-- پس از اجرای schema.sql و updates.sql، این فایل را اجرا کنید
-- یا از طریق setup.php با گزینه «داده‌های دمو» اضافه شود.
-- ============================================================
-- رمز عبور تمام کاربران تستی: 123456
-- ============================================================

USE `wave_club`;
SET NAMES utf8mb4;
SET FOREIGN_KEY_CHECKS = 0;

-- ============================================================
-- 1. کاربران اضافی (مدیر باشگاه، پذیرش، حسابدار، اعضا)
--    id=1 (admin) از قبل در schema.sql وجود دارد
-- ============================================================
INSERT INTO `users` (`id`, `username`, `password_hash`, `full_name`, `email`, `phone`, `is_active`) VALUES
-- password: 123456 → $2y$10$92IXUNpkjO0rOQ5byMi.Ye4oKoEa3Ro9llC/.og/at2.uheWG/igi
(2, 'manager',     '$2y$10$92IXUNpkjO0rOQ5byMi.Ye4oKoEa3Ro9llC/.og/at2.uheWG/igi', 'علی رضایی',       'ali@waveclub.ir',       '09121234567', 1),
(3, 'reception',   '$2y$10$92IXUNpkjO0rOQ5byMi.Ye4oKoEa3Ro9llC/.og/at2.uheWG/igi', 'سارا احمدی',      'sara@waveclub.ir',      '09131234567', 1),
(4, 'accountant',  '$2y$10$92IXUNpkjO0rOQ5byMi.Ye4oKoEa3Ro9llC/.og/at2.uheWG/igi', 'رضا محمدی',       'reza@waveclub.ir',      '09141234567', 1),
-- اعضا
(5, 'member1',     '$2y$10$92IXUNpkjO0rOQ5byMi.Ye4oKoEa3Ro9llC/.og/at2.uheWG/igi', 'محمد حسینی',     'm.hosseini@email.com',  '09351234567', 1),
(6, 'member2',     '$2y$10$92IXUNpkjO0rOQ5byMi.Ye4oKoEa3Ro9llC/.og/at2.uheWG/igi', 'فاطمه کریمی',    'f.karimi@email.com',    '09361234567', 1),
(7, 'member3',     '$2y$10$92IXUNpkjO0rOQ5byMi.Ye4oKoEa3Ro9llC/.og/at2.uheWG/igi', 'امیر نوری',      'a.noori@email.com',     '09371234567', 1),
(8, 'member4',     '$2y$10$92IXUNpkjO0rOQ5byMi.Ye4oKoEa3Ro9llC/.og/at2.uheWG/igi', 'زهرا صادقی',     'z.sadeghi@email.com',   '09381234567', 1),
(9, 'member5',     '$2y$10$92IXUNpkjO0rOQ5byMi.Ye4oKoEa3Ro9llC/.og/at2.uheWG/igi', 'حسین رحیمی',    'h.rahimi@email.com',    '09391234567', 1),
(10,'member6',     '$2y$10$92IXUNpkjO0rOQ5byMi.Ye4oKoEa3Ro9llC/.og/at2.uheWG/igi', 'مریم جعفری',     'm.jafari@email.com',    '09151234567', 1),
(11,'member7',     '$2y$10$92IXUNpkjO0rOQ5byMi.Ye4oKoEa3Ro9llC/.og/at2.uheWG/igi', 'سعید عباسی',     's.abbasi@email.com',    '09161234567', 1),
(12,'member8',     '$2y$10$92IXUNpkjO0rOQ5byMi.Ye4oKoEa3Ro9llC/.og/at2.uheWG/igi', 'نرگس حیدری',     'n.heydari@email.com',   '09171234567', 1),
-- مربیان
(13,'coach1',     '$2y$10$92IXUNpkjO0rOQ5byMi.Ye4oKoEa3Ro9llC/.og/at2.uheWG/igi', 'مهدی پورمحمدی',   'm.pourmohammadi@waveclub.ir',  '09181111111', 1),
(14,'coach2',     '$2y$10$92IXUNpkjO0rOQ5byMi.Ye4oKoEa3Ro9llC/.og/at2.uheWG/igi', 'لیلا کاظمی',      'l.kazemi@waveclub.ir',         '09182222222', 1),
(15,'coach3',     '$2y$10$92IXUNpkjO0rOQ5byMi.Ye4oKoEa3Ro9llC/.og/at2.uheWG/igi', 'احمد شریفی',     'a.sharifi@waveclub.ir',        '09183333333', 1),
(16,'coach4',     '$2y$10$92IXUNpkjO0rOQ5byMi.Ye4oKoEa3Ro9llC/.og/at2.uheWG/igi', 'نسرین موسوی',     'n.mousavi@waveclub.ir',        '09184444444', 1),
(17,'coach5',     '$2y$10$92IXUNpkjO0rOQ5byMi.Ye4oKoEa3Ro9llC/.og/at2.uheWG/igi', 'کامران بهزادی',    'k.behzadi@waveclub.ir',        '09185555555', 1);

-- ============================================================
-- 2. تخصیص نقش به کاربران
-- ============================================================
INSERT INTO `user_roles` (`user_id`, `role_id`) VALUES
(2, 2),   -- manager → manager
(3, 3),   -- reception → receptionist
(4, 4),   -- accountant → accountant
(5, 5),   -- member1 → member
(6, 5),   -- member2 → member
(7, 5),   -- member3 → member
(8, 5),   -- member4 → member
(9, 5),   -- member5 → member
(10, 5),  -- member6 → member
(11, 5),  -- member7 → member
(12, 5),  -- member8 → member
(13, 6),  -- coach1 → coach
(14, 6),  -- coach2 → coach
(15, 6),  -- coach3 → coach
(16, 6),  -- coach4 → coach
(17, 6);  -- coach5 → coach

-- ============================================================
-- 3. اعضای باشگاه (members)
-- ============================================================
INSERT INTO `members` (`id`, `first_name`, `last_name`, `national_code`, `phone`, `email`, `birth_date`, `address`, `emergency_contact`, `emergency_phone`, `status`, `approval_status`, `approval_date`, `approved_by`, `notes`, `referred_by`) VALUES
(1, 'محمد',    'حسینی',    '2870456789', '09351234567', 'm.hosseini@email.com',  '1990-03-15', 'کنگان، خیابان دریا، کوچه ۱۲', 'علی حسینی',   '09121111111', 'active',   'approved', '2025-01-10 08:30:00', 1, 'عضو قدیمی باشگاه',          NULL),
(2, 'فاطمه',   'کریمی',    '3890123456', '09361234567', 'f.karimi@email.com',    '1995-07-22', 'کنگان، بلوار ساحلی، پلاک ۵',  'احمد کریمی',  '09122222222', 'active',   'approved', '2025-01-15 09:00:00', 1, NULL,                        'محمد حسینی'),
(3, 'امیر',     'نوری',     '4900567890', '09371234567', 'a.noori@email.com',     '1988-11-03', 'بوشهر، خیابان سعدی',              'زهرا نوری',   '09123333333', 'active',   'approved', '2025-02-01 10:15:00', 2, NULL,                        NULL),
(4, 'زهرا',    'صادقی',    '5810234567', '09381234567', 'z.sadeghi@email.com',   '1992-05-18', 'کنگان، محله قدیمی',                'محمد صادقی', '09124444444', 'active',   'approved', '2025-02-10 11:00:00', 2, NULL,                        'فاطمه کریمی'),
(5, 'حسین',    'رحیمی',    '6720345678', '09391234567', 'h.rahimi@email.com',    '1985-09-30', 'کنگان، خیابان انقلاب',              'فاطمه رحیمی', '09125555555', 'inactive', 'approved', '2025-01-20 08:00:00', 1, 'عضویت منقضی شده',          NULL),
(6, 'مریم',    'جعفری',    '7830456789', '09151234567', 'm.jafari@email.com',    '1998-01-12', 'کنگان، فاز ۲',                     'رضا جعفری',   '09126666666', 'active',   'approved', '2025-03-01 09:30:00', 3, NULL,                        NULL),
(7, 'سعید',    'عباسی',    '8940567890', '09161234567', 's.abbasi@email.com',    '1991-06-25', 'کنگان، خیابان ولیعصر',             'مهدی عباسی',  '09127777777', 'active',   'approved', '2025-03-05 10:00:00', 2, NULL,                        'امیر نوری'),
(8, 'نرگس',    'حیدری',    '9050678901', '09171234567', 'n.heydari@email.com',   '1993-12-08', 'بوشهر، خیابان خلیج فارس',          'حمید حیدری',  '09128888888', 'pending',  'pending',  NULL,                          NULL, 'درخواست عضویت جدید',       NULL);

-- ============================================================
-- 4. طرح‌های عضویت (membership_plans)
-- ============================================================
INSERT INTO `membership_plans` (`id`, `name`, `description`, `duration_days`, `price`, `max_classes`, `is_active`) VALUES
(1, 'یک ماهه معمولی',   'اشتراک یک ماهه با دسترسی به تمام فضای باشگاه',                    30,  800000,   NULL, 1),
(2, 'سه ماهه طلایی',    'اشتراک سه ماهه با تخفیف ویژه و دسترسی به کلاس‌ها',                90,  2100000,  12,   1),
(3, 'شش ماهه نقره‌ای',  'اشتراک شش ماهه با تخفیف بیشتر و ویژگی‌های اضافی',               180, 3800000,  30,   1),
(4, 'یک ساله الماسی',   'اشتراک یک ساله با تمام امکانات باشگاه و اولویت ثبت‌نام کلاس',    365, 6500000,  60,   1),
(5, 'یک ماهه ویژه آبی', 'اشتراک ماهانه مخصوص کلاس‌های آبی و استخر',                       30,  1200000,  20,   1),
(6, 'پاس تمرینی روزانه', 'دسترسی یک روزه به تمام امکانات باشگاه',                         1,   80000,    1,   1);

-- ============================================================
-- 5. اشتراک فعال اعضا (member_memberships)
-- ============================================================
INSERT INTO `member_memberships` (`id`, `member_id`, `plan_id`, `start_date`, `end_date`, `price_paid`, `status`) VALUES
(1, 1, 4, '2025-01-10', '2026-01-10', 6500000, 'active'),
(2, 2, 2, '2025-01-15', '2025-04-15', 2100000, 'active'),
(3, 3, 3, '2025-02-01', '2025-08-01', 3800000, 'active'),
(4, 4, 1, '2025-03-01', '2025-04-01', 800000,  'active'),
(5, 5, 1, '2025-01-20', '2025-02-20', 800000,  'expired'),
(6, 6, 2, '2025-03-01', '2025-06-01', 2100000, 'active'),
(7, 7, 1, '2025-03-05', '2025-04-05', 800000,  'active');

-- ============================================================
-- 6. تخفیف‌های طرح عضویت (membership_discounts)
-- ============================================================
INSERT INTO `membership_discounts` (`plan_id`, `discount_percent`, `start_date`, `end_date`, `is_active`) VALUES
(2, 10.00, '2025-01-01', '2025-03-31', 1),
(3, 15.00, '2025-01-01', '2025-06-30', 1),
(4, 20.00, '2025-03-20', '2025-04-20', 1);

-- ============================================================
-- 7. مربیان (coaches)
-- ============================================================
INSERT INTO `coaches` (`id`, `first_name`, `last_name`, `phone`, `email`, `specialty`, `hire_date`, `salary`, `is_active`, `bio`, `user_id`) VALUES
(1, 'مهدی',  'پورمحمدی',  '09181111111', 'm.pourmohammadi@waveclub.ir',  'فیتنس و بدنسازی',       '2023-03-15', 25000000, 1, 'مربی رسمی فدراسیون بدنسازی با ۸ سال سابقه. دارای مدرک بین‌المللی ACSM.', 13),
(2, 'لیلا',  'کاظمی',     '09182222222', 'l.kazemi@waveclub.ir',         'یوگا و مدیتیشن',        '2023-06-01', 20000000, 1, 'مربی یوگا با ۵ سال سابقه. تخصص در یوگا تراپی و پرانایاما.', 14),
(3, 'احمد',  'شریفی',     '09183333333', 'a.sharifi@waveclub.ir',        'شنا و ورزش‌های آبی',    '2022-09-20', 22000000, 1, 'قهرمان سابق شنا کشور. مربی تیم ملی نوجوانان شنا.', 15),
(4, 'نسرین', 'موسوی',     '09184444444', 'n.mousavi@waveclub.ir',        'ایروبیک و زومبا',       '2024-01-10', 18000000, 1, 'مربی licensed زومبا با ۳ سال سابقه تدریس گروهی.', 16),
(5, 'کامران', 'بهزادی',    '09185555555', 'k.behzadi@waveclub.ir',        'رزمی و کنگ‌فو',         '2023-11-01', 23000000, 1, 'دارای کمربند مشکی کنگ‌فو و ۱۲ سال سابقه آموزش رزمی.', 17);

-- ============================================================
-- 8. کلاس‌های باشگاه (classes)
-- ============================================================
INSERT INTO `classes` (`id`, `name`, `description`, `coach_id`, `schedule_time`, `schedule_day`, `max_participants`, `is_active`) VALUES
(1, 'فیتنس صبحگاهی',       'کلاس فیتنس و تمرینات قدرتی صبح زود',                     1, '07:00:00', 'شنبه,دوشنبه,چهارشنبه',       20, 1),
(2, 'یوگا آرامش‌بخش',     'کلاس یوگا برای رفع استرس و افزایش تمرکز',                  2, '08:30:00', 'یکشنبه,سه‌شنبه,پنجشنبه',   15, 1),
(3, 'شنا مبتدی',           'آموزش شنا برای افراد مبتدی',                               3, '10:00:00', 'شنبه,یکشنبه',               10, 1),
(4, 'شنا پیشرفته',         'تکنیک‌های پیشرفته شنا و استقامت',                           3, '16:00:00', 'دوشنبه,چهارشنبه',             10, 1),
(5, 'زومبا انرژی‌بخش',     'کلاس رقص زومبا برای چربی‌سوزی و سرحالی',                   4, '17:30:00', 'شنبه,سه‌شنبه,پنجشنبه',       25, 1),
(6, 'کنگ‌فو و دفاع شخصی',  'آموزش کنگ‌فو و تکنیک‌های دفاع شخصی',                       5, '19:00:00', 'یکشنبه,چهارشنبه',             18, 1),
(7, 'فیتنس عصرگاهی',       'کلاس فیتنس برای افراد شاغل بعد از کار',                    1, '18:00:00', 'شنبه,دوشنبه,چهارشنبه',       20, 1),
(8, 'ایروبیک صبحگاهی',     'کلاس ایروبیک سبک برای شروع روز',                           4, '06:30:00', 'شنبه,دوشنبه,چهارشنبه,پنجشنبه', 22, 1);

-- ============================================================
-- 9. ثبت‌نام در کلاس‌ها (class_registrations)
-- ============================================================
INSERT INTO `class_registrations` (`member_id`, `class_id`, `registration_date`, `status`) VALUES
(1, 1, '2025-01-12 07:00:00', 'active'),
(1, 7, '2025-01-15 18:00:00', 'active'),
(2, 2, '2025-01-16 08:30:00', 'active'),
(2, 5, '2025-02-01 17:30:00', 'active'),
(3, 6, '2025-02-03 19:00:00', 'active'),
(3, 4, '2025-02-05 16:00:00', 'active'),
(4, 8, '2025-03-02 06:30:00', 'active'),
(4, 2, '2025-03-03 08:30:00', 'active'),
(6, 1, '2025-03-05 07:00:00', 'active'),
(6, 3, '2025-03-08 10:00:00', 'active'),
(7, 5, '2025-03-06 17:30:00', 'active'),
(7, 7, '2025-03-07 18:00:00', 'active');

-- ============================================================
-- 10. تجهیزات باشگاه (equipment)
-- ============================================================
INSERT INTO `equipment` (`id`, `name`, `description`, `purchase_date`, `purchase_price`, `condition_status`, `last_maintenance`, `next_maintenance`) VALUES
(1, 'تردمیل پروفشنال',       'تردمیل حرفه‌ای برند لایف فیتنس مدل XF50',            '2023-06-15', 45000000, 'good',   '2025-01-10', '2025-07-10'),
(2, 'دوچرخه ثابت اسپینینگ',   'دوچرخه اسپینینگ برند کتلر با مانیتور',               '2023-08-20', 28000000, 'good',   '2025-02-01', '2025-08-01'),
(3, 'ست وزنه کامل',           'ست کامل دمبل و هالتر از ۲ تا ۵۰ کیلوگرم',             '2022-12-01', 35000000, 'fair',   '2024-12-15', '2025-06-15'),
(4, 'دستگاه پرس سینه',        'دستگاه پرس سینه هامر استرنث با تنظیم کامل',           '2023-03-10', 52000000, 'good',   '2025-01-20', '2025-07-20'),
(5, 'دستگاه لگ پرس',          'دستگاه لگ پرس برند نایتیلوس ۴ ایستگاه',                '2023-04-25', 48000000, 'good',   '2024-11-30', '2025-05-30'),
(6, 'استپ آیرobic',           'تخت استپ آیروبیک قابل تنظیم ارتفاع',                  '2024-01-05', 3500000,  'new',    '2025-03-01', '2025-09-01'),
(7, 'میز بیلیارد',            'میز بیلیارد استاندارد ۷ فوت با توپ و میله',            '2022-09-15', 65000000, 'fair',   '2024-10-20', '2025-04-20'),
(8, 'تشک یوگا (۱۰ عدد)',      'تشک یوگا ضد لغزش ضخامت ۱۰ میلی‌متر - بسته ۱۰ عددی',   '2024-02-10', 8000000,  'new',    NULL,        '2025-08-10'),
(9, 'طناب کششی مجموعه',      'مجموعه طناب کششی و بند مقاومتی در ۵ سطح',              '2024-03-01', 2500000,  'new',    NULL,        NULL),
(10,'اسکی ارگ',              'دستگاه اسکی ارگ حرفه‌ای برند کانسپت ۲',               '2023-11-20', 38000000, 'good',   '2025-02-15', '2025-08-15');

-- ============================================================
-- 11. شرکت‌های بیمه (insurance_companies)
-- ============================================================
INSERT INTO `insurance_companies` (`id`, `name`, `phone`, `address`, `contact_person`, `discount_percent`, `is_active`) VALUES
(1, 'بیمه ایران',           '۰۲۱۲۲۲۲۱۱۱۱', 'تهران، خیابان آزادی',                  'مرتضی احمدی',   5.00, 1),
(2, 'بیمه آسیا',            '۰۲۱۸۸۷۷۶۶۵۵', 'تهران، سعادت آباد',                    'شقایق نوری',    10.00, 1),
(3, 'بیمه دانا',            '۰۷۶۳۳۴۴۴۵۵۵', 'بوشهر، خیابان سعدی',                    'علی موسوی',     8.00, 1),
(4, 'بیمه پارسیان',         '۰۲۱۲۲۰۰۱۱۲۲', 'تهران، ونک',                            'نازنین رضایی',  12.00, 1),
(5, 'بیمه کوثر',            '۰۷۶۳۳۵۵۵۶۶۶', 'کنگان، بلوار ساحلی',                    'حسن قاسمی',    15.00, 1);

-- ============================================================
-- 12. بیمه اعضا (member_insurance)
-- ============================================================
INSERT INTO `member_insurance` (`id`, `member_id`, `company_id`, `policy_number`, `start_date`, `end_date`, `premium_amount`, `status`) VALUES
(1, 1, 3, 'DAN-1403-45678',  '2025-01-10', '2026-01-10', 350000,  'active'),
(2, 2, 5, 'KOS-1403-78901',  '2025-01-15', '2026-01-15', 280000,  'active'),
(3, 3, 2, 'ASI-1403-23456',  '2025-02-01', '2026-02-01', 420000,  'active'),
(4, 4, 1, 'IRA-1403-67890',  '2025-03-01', '2026-03-01', 500000,  'active'),
(5, 6, 4, 'PAR-1403-34567',  '2025-03-01', '2026-03-01', 380000,  'active'),
(6, 5, 3, 'DAN-1402-11111',  '2024-01-20', '2025-01-20', 320000,  'expired'),
(7, 7, 5, 'KOS-1403-99999',  '2025-03-05', '2026-03-05', 280000,  'active');

-- ============================================================
-- 13. پرداخت‌ها (payments)
-- ============================================================
INSERT INTO `payments` (`id`, `member_id`, `membership_id`, `amount`, `payment_method`, `payment_date`, `status`, `description`, `reference_number`) VALUES
-- پرداخت عضویت‌ها
(1, 1, 1, 6500000, 'card',     '2025-01-10 08:35:00', 'paid',     'پرداخت اشتراک یک ساله الماسی',       'TXN-14030110-001'),
(2, 2, 2, 2100000, 'card',     '2025-01-15 09:05:00', 'paid',     'پرداخت اشتراک سه ماهه طلایی',        'TXN-14030115-002'),
(3, 3, 3, 3800000, 'transfer', '2025-02-01 10:20:00', 'paid',     'پرداخت اشتراک شش ماهه نقره‌ای',      'TRF-14030201-003'),
(4, 4, 4, 800000,  'cash',     '2025-03-01 11:05:00', 'paid',     'پرداخت اشتراک یک ماهه معمولی',       NULL),
(5, 5, 5, 800000,  'cash',     '2025-01-20 08:10:00', 'paid',     'پرداخت اشتراک یک ماهه معمولی',       NULL),
(6, 6, 6, 2100000, 'card',     '2025-03-01 09:35:00', 'paid',     'پرداخت اشتراک سه ماهه طلایی',        'TXN-14030301-006'),
(7, 7, 7, 800000,  'online',   '2025-03-05 10:10:00', 'paid',     'پرداخت اشتراک یک ماهه معمولی',       'ONL-14030305-007'),
-- پرداخت بیمه
(8, 1, NULL, 350000,  'card',     '2025-01-10 08:40:00', 'paid',     'پرداخت حق بیمه سالانه - بیمه دانا',  'TXN-14030110-008'),
(9, 2, NULL, 280000,  'cash',     '2025-01-15 09:15:00', 'paid',     'پرداخت حق بیمه - بیمه کوثر',          NULL),
(10, 3, NULL, 420000, 'transfer', '2025-02-01 10:30:00', 'paid',     'پرداخت حق بیمه - بیمه آسیا',          'TRF-14030201-010'),
(11, 4, NULL, 500000, 'card',     '2025-03-01 11:15:00', 'paid',     'پرداخت حق بیمه - بیمه ایران',         'TXN-14030301-011'),
(12, 6, NULL, 380000, 'online',   '2025-03-01 09:40:00', 'paid',     'پرداخت حق بیمه - بیمه پارسیان',       'ONL-14030301-012'),
-- پرداخت در انتظار
(13, 8, NULL, 800000, 'online',   '2025-04-01 10:00:00', 'pending',  'پرداخت اشتراک یک ماهه - در انتظار تایید', 'ONL-14030401-013');

-- ============================================================
-- 14. رویدادها (events)
-- ============================================================
INSERT INTO `events` (`id`, `title`, `description`, `event_date`, `event_time`, `location`, `max_participants`, `is_active`) VALUES
(1, 'مسابقه شنا جام ویو کلاب',    'مسابقه شنا سرعت و استقامت بین اعضای باشگاه با اهدای جوایز نفیس',  '2025-04-15', '09:00:00', 'استخر باشگاه ویو',           30, 1),
(2, 'کارگاه تغذیه ورزشی',         'کارگاه آموزشی رایگان تغذیه صحیح و مکمل‌های ورزشی',                '2025-04-20', '16:00:00', 'سالن همایش‌های باشگاه',      50, 1),
(3, 'جشن سالانه باشگاه',          'جشن سالگرد تاسیس باشگاه ویو با برنامه‌های شاد و قرعه‌کشی',       '2025-05-01', '18:00:00', 'سالن اصلی باشگاه',            100, 1),
(4, 'اردوی صبحگاهی ساحلی',        'پیاده‌روی ساحلی و تمرینات ورزشی در فضای باز',                      '2025-04-25', '06:30:00', 'ساحل کنگان',                  40, 1),
(5, 'کلاس رایگان زومبا',          'جلسه معارفه رایگان زومبا برای اعضای جدید',                        '2025-04-10', '17:00:00', 'سالن ایروبیک',                25, 1);

-- ============================================================
-- 15. ثبت‌نام در رویدادها (event_registrations)
-- ============================================================
INSERT INTO `event_registrations` (`member_id`, `event_id`, `registration_date`, `status`) VALUES
(1, 1, '2025-03-20 10:00:00', 'registered'),
(1, 3, '2025-03-25 12:00:00', 'registered'),
(2, 2, '2025-03-18 09:00:00', 'registered'),
(2, 5, '2025-03-15 14:00:00', 'registered'),
(3, 1, '2025-03-22 11:00:00', 'registered'),
(3, 4, '2025-03-28 08:00:00', 'registered'),
(4, 2, '2025-03-19 15:00:00', 'registered'),
(6, 5, '2025-03-16 10:00:00', 'registered'),
(6, 1, '2025-03-21 09:30:00', 'registered'),
(7, 3, '2025-03-26 14:00:00', 'registered'),
(7, 4, '2025-03-29 07:00:00', 'registered');

-- ============================================================
-- 16. تیکت‌های پشتیبانی (tickets)
-- ============================================================
INSERT INTO `tickets` (`id`, `member_id`, `subject`, `description`, `priority`, `status`, `assigned_to`, `created_at`) VALUES
(1, 1, 'سوال درباره تمدید اشتراک',        'سلام، اشتراک الماسی من تا دی ماه اعتبار دارد. آیا امکان تمدید زودتر با تخفیف وجود دارد؟', 'low',      'resolved',  3, '2025-03-10 09:00:00'),
(2, 2, 'مشکل در ثبت‌نام کلاس یوگا',        'من نمی‌توانم در کلاس یوگای روز سه‌شنبه ثبت‌نام کنم. پیام ظرفیت تکمیل شده می‌آید.',       'medium',   'in_progress', 3, '2025-03-12 14:30:00'),
(3, 3, 'درخواست تغییر ساعتی کلاس شنا',     'آیا امکان تغییر ساعت کلاس شنا پیشرفته از ۴ عصر به ۵ عصر وجود دارد؟',               'medium',   'open',      NULL, '2025-03-15 10:15:00'),
(4, 4, 'گزارش خرابی تردمیل شماره ۲',      'تردمیل شماره ۲ هنگام تمرین صدا می‌دهد و نوار آن ساییده شده است.',                   'high',     'in_progress', 2, '2025-03-18 08:45:00'),
(5, 6, 'استعلام مانده بیمه‌نامه',          'لطفاً اعتبار بیمه‌نامه من را چک کنید. می‌خواهم مطمئن شوم هنوز فعال است.',             'low',      'resolved',  3, '2025-03-05 11:00:00'),
(6, 7, 'پیشنهاد اضافه کردن کلاس پیلاتس',  'با سلام، آیا امکان اضافه کردن کلاس پیلاتس به برنامه باشگاه وجود دارد؟',               'low',      'open',      NULL, '2025-03-20 16:00:00');

-- ============================================================
-- 17. پاسخ‌های تیکت (ticket_replies)
-- ============================================================
INSERT INTO `ticket_replies` (`ticket_id`, `user_id`, `message`, `is_admin`, `created_at`) VALUES
-- تیکت 1
(1, 5, 'سلام، اشتراک الماسی من تا دی ماه اعتبار دارد. آیا امکان تمدید زودتر با تخفیف وجود دارد؟', 0, '2025-03-10 09:00:00'),
(1, 3, 'سلام جناب حسینی. بله، اگر یک ماه قبل از انقضا تمدید کنید ۵٪ تخفیف ویژه دارید.', 1, '2025-03-10 10:30:00'),
(1, 5, 'ممنون از اطلاع‌رسانی. لطفاً فاکتور تمدید را آماده کنید.', 0, '2025-03-10 11:00:00'),
(1, 3, 'فاکتور صادر شد و در بخش پرداخت‌ها قابل مشاهده است. موفق باشید.', 1, '2025-03-10 14:00:00'),
-- تیکت 2
(2, 6, 'من نمی‌توانم در کلاس یوگا ثبت‌نام کنم. پیام ظرفیت تکمیل شده می‌آید.', 0, '2025-03-12 14:30:00'),
(2, 3, 'سلام خانم کریمی. ظرفیت کلاس یوگای سه‌شنبه تکمیل شده است. لیست انتظار اضافه شدید.', 1, '2025-03-12 15:30:00'),
-- تیکت 4
(4, 8, 'تردمیل شماره ۲ هنگام تمرین صدا می‌دهد و نوار آن ساییده شده است.', 0, '2025-03-18 08:45:00'),
(4, 2, 'ممنون از گزارش. تکنسین تعمیرات فردا بررسی می‌کند. تا آن زمان از تردمیل ۱ استفاده کنید.', 1, '2025-03-18 09:30:00'),
-- تیکت 5
(5, 9, 'لطفاً اعتبار بیمه‌نامه من را چک کنید.', 0, '2025-03-05 11:00:00'),
(5, 3, 'سلام خانم جعفری. بیمه‌نامه شما تا ۱۴۰۵/۰۱/۱۰ اعتبار دارد و فعال است.', 1, '2025-03-05 12:00:00'),
(5, 9, 'ممنون بابت پیگیری سریع.', 0, '2025-03-05 12:15:00');

-- ============================================================
-- 18. اعلان‌ها (notifications)
-- ============================================================
INSERT INTO `notifications` (`user_id`, `title`, `message`, `type`, `is_read`, `related_module`, `related_id`, `created_at`) VALUES
-- اعلان برای عضو 1
(5, 'خوش آمدید!',                    'به باشگاه ویو کنگان خوش آمدید. امیدواریم تجربه خوبی داشته باشید.',           'success', 1, NULL,          NULL, '2025-01-10 08:35:00'),
(5, 'تمدید اشتراک',                  'اشتراک یک ساله الماسی شما تا ۱۴۰۵/۰۱/۱۰ اعتبار دارد. برای تمدید زودتر تخفیف دارید.', 'info', 0, 'membership',    1,    '2025-03-01 08:00:00'),
(5, 'تیکت شما پاسخ داده شد',         'تیکت «سوال درباره تمدید اشتراک» توسط پذیرش پاسخ داده شد.',                  'info', 1, 'ticket',       1,    '2025-03-10 10:30:00'),
-- اعلان برای عضو 2
(6, 'ثبت‌نام در رویداد موفق',         'شما با موفقیت در مسابقه شنا جام ویو کلاب ثبت‌نام شدید.',                    'success', 1, 'event',        1,    '2025-03-20 10:00:00'),
(6, 'کلاس یوگا - لیست انتظار',       'شما در لیست انتظار کلاس یوگا قرار گرفتید. در صورت آزاد شدن ظرفیت اطلاع رسانی می‌شود.', 'warning', 0, 'class', 2, '2025-03-12 15:30:00'),
-- اعلان برای عضو 3
(7, 'اشتراک فعال',                   'اشتراک شش ماهه نقره‌ای شما با موفقیت فعال شد.',                           'success', 1, 'membership',    3,    '2025-02-01 10:20:00'),
(7, 'یادآوری پرداخت بیمه',           'بیمه‌نامه شما تا ۱۴۰۴/۱۱/۱۲ اعتبار دارد. لطفاً قبل از انقضا تمدید کنید.',     'warning', 0, 'insurance',    3,    '2025-04-15 09:00:00'),
-- اعلان برای عضو 4
(8, 'ثبت‌نام کلاس موفق',             'شما با موفقیت در کلاس‌های ایروبیک و یوگا ثبت‌نام شدید.',                    'success', 1, 'class',        NULL, '2025-03-02 07:00:00'),
(8, 'تیکت شما در دست بررسی است',     'تیکت «گزارش خرابی تردمیل» به مدیریت ارجاع شد.',                          'info', 0, 'ticket',       4,    '2025-03-18 09:30:00'),
-- اعلان عمومی
(5, 'رویداد جدید: مسابقه شنا',       'مسابقه شنا جام ویو کلاب در ۲۵ فروردین برگزار می‌شود. ثبت‌نام آغاز شد!',     'info', 0, 'event',        1,    '2025-03-15 08:00:00'),
(6, 'رویداد جدید: مسابقه شنا',       'مسابقه شنا جام ویو کلاب در ۲۵ فروردین برگزار می‌شود. ثبت‌نام آغاز شد!',     'info', 0, 'event',        1,    '2025-03-15 08:00:00'),
(7, 'رویداد جدید: مسابقه شنا',       'مسابقه شنا جام ویو کلاب در ۲۵ فروردین برگزار می‌شود. ثبت‌نام آغاز شد!',     'info', 0, 'event',        1,    '2025-03-15 08:00:00'),
(8, 'رویداد جدید: مسابقه شنا',       'مسابقه شنا جام ویو کلاب در ۲۵ فروردین برگزار می‌شود. ثبت‌نام آغاز شد!',     'info', 0, 'event',        1,    '2025-03-15 08:00:00'),
(9, 'رویداد جدید: مسابقه شنا',       'مسابقه شنا جام ویو کلاب در ۲۵ فروردین برگزار می‌شود. ثبت‌نام آغاز شد!',     'info', 0, 'event',        1,    '2025-03-15 08:00:00'),
(10,'رویداد جدید: مسابقه شنا',       'مسابقه شنا جام ویو کلاب در ۲۵ فروردین برگزار می‌شود. ثبت‌نام آغاز شد!',     'info', 0, 'event',        1,    '2025-03-15 08:00:00'),
(11,'رویداد جدید: مسابقه شنا',       'مسابقه شنا جام ویو کلاب در ۲۵ فروردین برگزار می‌شود. ثبت‌نام آغاز شد!',     'info', 0, 'event',        1,    '2025-03-15 08:00:00'),
(12,'رویداد جدید: مسابقه شنا',       'مسابقه شنا جام ویو کلاب در ۲۵ فروردین برگزار می‌شود. ثبت‌نام آغاز شد!',     'info', 0, 'event',        1,    '2025-03-15 08:00:00');

-- ============================================================
-- 19. لاگ فعالیت‌ها (activity_logs)
-- ============================================================
INSERT INTO `activity_logs` (`user_id`, `action`, `module`, `record_id`, `description`, `ip_address`, `created_at`) VALUES
(1, 'login',    'auth',       NULL, 'ورود مدیر سیستم به پنل',                     '127.0.0.1', '2025-03-20 08:00:00'),
(2, 'login',    'auth',       NULL, 'ورود مدیر باشگاه به پنل',                    '127.0.0.1', '2025-03-20 08:15:00'),
(3, 'login',    'auth',       NULL, 'ورود پذیرش به پنل',                           '127.0.0.1', '2025-03-20 08:30:00'),
(1, 'create',   'members',    8,    'ثبت عضو جدید: نرگس حیدری (در انتظار تأیید)', '127.0.0.1', '2025-03-20 08:45:00'),
(2, 'create',   'classes',    8,    'ایجاد کلاس جدید: ایروبیک صبحگاهی',           '127.0.0.1', '2025-03-19 14:00:00'),
(3, 'create',   'payments',   12,   'ثبت پرداخت حق بیمه - بیمه پارسیان',          '127.0.0.1', '2025-03-01 09:40:00'),
(1, 'update',   'settings',   1,    'بروزرسانی تنظیمات سیستم: نام باشگاه',        '127.0.0.1', '2025-03-18 16:00:00'),
(4, 'login',    'auth',       NULL, 'ورود حسابدار به پنل',                        '127.0.0.1', '2025-03-20 09:00:00'),
(4, 'view',     'reports',    NULL, 'مشاهده گزارش مالی ماهانه',                   '127.0.0.1', '2025-03-20 09:10:00'),
(2, 'reply',    'tickets',    4,    'پاسخ به تیکت: گزارش خرابی تردمیل',           '127.0.0.1', '2025-03-18 09:30:00'),
(1, 'create',   'coaches',    5,    'ثبت مربی جدید: کامران بهزادی',               '127.0.0.1', '2025-02-28 10:00:00'),
(3, 'reply',    'tickets',    1,    'پاسخ به تیکت: سوال درباره تمدید اشتراک',     '127.0.0.1', '2025-03-10 10:30:00'),
(2, 'create',   'events',     5,    'ایجاد رویداد: کلاس رایگان زومبا',            '127.0.0.1', '2025-03-15 11:00:00'),
(1, 'approve',  'members',    6,    'تأیید عضویت: مریم جعفری',                    '127.0.0.1', '2025-03-01 09:25:00'),
(3, 'create',   'insurance',  7,    'ثبت بیمه‌نامه: سعید عباسی - بیمه کوثر',      '127.0.0.1', '2025-03-05 10:15:00');

SET FOREIGN_KEY_CHECKS = 1;

-- ============================================================
-- پایان داده‌های دمو
-- ============================================================
-- حساب‌های کاربری تستی:
--   مدیر سیستم:   admin / admin123
--   مدیر باشگاه:  manager / 123456
--   پذیرش:        reception / 123456
--   حسابدار:      accountant / 123456
--   عضو ۱:        member1 / 123456
--   عضو ۲:        member2 / 123456
--   عضو ۳:        member3 / 123456
--   عضو ۴:        member4 / 123456
--   عضو ۵:        member5 / 123456
--   عضو ۶:        member6 / 123456
--   عضو ۷:        member7 / 123456
--   عضو ۸:        member8 / 123456
-- ============================================================